Date,Prefix,Ticker,Number,Price,Act,Amount,Day,Day Buys,Day Sales,Day Aggr.,Buy Aggr.,Sale Aggr.
1/27/25,2,DSY,"2,000",36.68 ,add,,,,,,,
1/27/25,2,ASML,200,(647.10),add,,,,,,,
1/27/25,2,TSM,800,(189.89),add,,,,,,,
1/27/25,2,NEE,"1,200",72.41 ,,,,,,,,
1/27/25,2,DIS,900,113.21 ,,,,,,,,
1/27/25,,HPQ,"5,000",32.77 ,,,,,,,,
1/27/25,,AZN,"1,300",70.21 ,,,,,,,,
1/27/25,,AVGO,200,197.36 ,,,,,,,,
1/27/25,,CSCO,"2,000",(59.13),,,,,,,,
1/27/25,,KR,"2,000",(60.38),add,,,,,,,
1/27/25,,LUMN,"2,000",(5.07),add,,,,,,,
1/27/25,,HPE,"4,000",(22.58),add,,,,,,,
1/28/25,,NOTE,"10,000",1.46 ,add,,,,,,,
1/28/25,,THC,500,(142.02),add,,,,,,,
1/28/25,,MA,100,546.67 ,,,,,,,,
1/28/25,,SAFDIS,700,113.20 ,add,,,,,,,
1/28/25,,SAFAAPL,200,231.18 ,,,,,,,,
1/28/25,,SAFASML,100,(642.85),,,,,,,,
1/28/25,,ORA,"6,000",10.37 ,,,,,,,,
1/29/25,,MVEORA,"6,300",10.39 ,,,,,,,,
1/29/25,,RWE,"4,000",29.33 ,,,,,,,,
1/29/25,,MVERWE,"4,000",29.29 ,,,,,,,,
1/29/25,,C,500,80.89 ,,,,,,,,
1/29/25,,EPIX,"15,000",(1.72),,,,,,,,
1/29/25,,MRNA,"3,000",41.35 ,,,,,,,,
1/29/25,,NVS,400,103.01 ,,,,,,,,
1/29/25,,THC,500,(142.02),,,,,,,,
1/30/25,,HPE,"4,000",(21.21),,,,,,,,
1/31/25,,AAPL,200,(233.95),,,,,,,,
1/31/25,,THC,150,(140.46),,,,,,,,
1/31/25,,MVEGLE,"2,000",31.31 ,,,,,,,,
1/31/25,,CSCO,"2,000",60.51 ,,,,,,,,
1/31/25,,LUV,"1,200",(30.70),,,,,,,,
2/4/25,,AAPL,300,(230.70),,,,,,,,
2/4/25,,DSY,"1,000",39.12 ,,,,,,,,
2/4/25,,DSY,"2,000",40.12 ,,,,,,,,
2/4/25,,MVEDSY,"1,000",39.55 ,,,,,,,,
2/4/25,,MVEDSY,"2,000",40.41 ,,,,,,,,
2/5/25,,SAFAMZN,250,(236.91),,,,,,,,
2/5/25,,DSY,"1,000",40.70 ,,,,,,,,
2/5/25,,TSLA,100,(382.16),,,,,,,,
2/5/25,,HPE,"4,000",21.36 ,,,,,,,,
2/5/25,,AMZN,400,(236.71),,,,,,,,
2/5/25,,KR,"1,000",65.63 ,,,,,,,,
2/5/25,,SAFDDD,"20,000",4.60 ,,,,,,,,
2/5/25,,EZJ,"9,000",529.40 ,,,,,,,,
2/5/25,,GNRC,450,(142.78),,,,,,,,
2/5/25,,DSY,"1,000",40.60 ,,,,,,,,
2/6/25,,ALDNE,"10,000",(1.10),,,,,,,,
2/6/25,,GLE,"1,000",34.53 ,,,,,,,,
2/6/25,,DDD,"15,000",4.64 ,,,,,,,,
2/6/25,,MVEUN0,363,(42.20),,,,,,,,
2/6/25,,IAG,"10,000",362.61 ,,,,,,,,
2/6/25,,NEE,"1,000",(68.93),,,,,,,,
2/6/25,,NVAX,"4,500",(9.75),,,,,,,,
2/6/25,,RWE,"4,000",(29.24),,,,,,,,
2/6/25,,SSYS,"3,000",12.77 ,,,,,,,,
2/6/25,,UN0,500,(42.20),,,,,,,,
2/6/25,,WBA,"6,500",(10.06),,,,,,,,
2/7/25,,SHECY,"4,000",15.30 ,,,,,,,,
2/7/25,,EOAN,"4,000",11.63 ,,,,,,,,
2/7/25,,AET,"50,000",(49.00),,,,,,,,
2/7/25,,AMZN,450,228.95 ,,,,,,,,
2/7/25,,CSCO,"1,000",62.44 ,,,,,,,,
2/10/25,,AMZN,250,(232.89),,,,,,,,
2/11/25,,EPIX,"10,000",1.66 ,,,,,,,,
2/11/25,,IAG,"10,000",(347.00),,,,,,,,
2/12/25,,DSY,"1,000",40.01 ,,,,,,,,
2/12/25,,MVEDSY,"1,000",40.01 ,,,,,,,,
2/12/25,,ALDNE,"10,000",(1.15),,,,,,,,
2/12/25,,SAFAAPL,250,235.47 ,,,,,,,,
2/12/25,,OXY,900,(48.09),,,,,,,,
2/12/25,,GNRC,280,154.81 ,,,,,,,,
2/12/25,,NOTE,"20,000",1.97 ,,,,,,,,
2/12/25,,CVS,"2,000",62.39 ,,,,,,,,
2/12/25,,PROF,"2,000",(6.22),,,,,,,,
2/12/25,,TSLA,400,(336.51),,,,,,,,
2/13/25,,TSLA,200,357.30 ,,,,,,,,
2/13/25,,ASML,100,737.10 ,,,,,,,,
2/13/25,,RWE,"4,000",(28.37),,,,,,,,
2/13/25,,RIGL,"2,000",(20.23),,,,,,,,
2/13/25,,CVS,"2,000",67.07 ,,,,,,,,
2/13/25,,VLVLY,500,30.08 ,,,,,,,,
2/13/25,,NEM,"1,500",47.96 ,,,,,,,,
2/13/25,,PAAS,"3,000",25.15 ,,,,,,,,
2/13/25,,AMZN,400,229.01 ,,,,,,,,
2/13/25,,BLDP,"14,000",(1.46),,,,,,,,
2/13/25,,GNRC,330,(146.95),,,,,,,,
2/14/25,,MVEUN0,488,45.93 ,,,,,,,,
2/14/25,,MVEORA,"5,000",(10.93),,,,,,,,
2/14/25,,EZJ,"8,000",(514.56),,,,,,,,
2/14/25,,DIS,600,(110.22),,,,,,,,
2/14/25,,NOTE,"20,000",(1.67),,,,,,,,
2/14/25,,AAPL,300,244.12 ,,,,,,,,
2/14/25,,AMZN,500,(228.54),,,,,,,,
2/14/25,,NEE,"1,000",68.03 ,,,,,,,,
2/14/25,,RIGL,"2,000",21.43 ,,,,,,,,
"45,702",,NOTE,"10,000",(1.51),,,,,,,,
2/17/25,,IAG,"10,000",(337.00),,,,,,,,
2/18/25,,ALDNE,"20,000",(1.15),,,,,,,,
2/18/25,,MVEALDNE,"30,000",(1.10),,,,,,,,
2/18/25,,DIS,800,(109.28),,,,,,,,
2/18/25,,IAG,"10,000",(337.00),,,,,,,,
2/18/25,,MVEENI,"8,000",(14.09),,,,,,,,
2/18/25,,ALDNE,"20,000",(1.15),,,,,,,,
2/18/25,,ASML,100,717.20 ,,,,,,,,
2/18/25,,AET,"7,000",(46.50),,,,,,,,
2/18/25,,AMZN,200,(224.55),,,,,,,,
2/18/25,,WBA,"3,000",10.77 ,,,,,,,,
2/18/25,,SAFDDD,"5,000",4.48 ,,,,,,,,
2/18/25,,F,"10,000",(9.24),,,,,,,,
2/19/25,,AVGO,250,(227.50),,,,,,,,
2/19/25,,CSCO,"1,000",64.85 ,,,,,,,,
2/19/25,,DIS,400,111.54 ,,,,,,,,
2/19/25,,PAAS,"2,500",(24.12),,,,,,,,
2/19/25,,PROF,"2,000",6.93 ,,,,,,,,
2/19/25,,MVEGLE,"5,000",(37.80),,,,,,,,
2/19/25,,MVEORA,"6,000",(10.87),,,,,,,,
2/19/25,,SAFAAPL,240,244.79 ,,,,,,,,
2/19/25,,EZJ,"10,000",595.09 ,,,,,,,,
2/19/25,,OXY,"1,000",51.86 ,,,,,,,,
2/20/25,,MVEALDNE,"7,942",(1.07),,,,,,,,
2/20/25,,NEE,"1,000",70.10 ,,,,,,,,
2/21/25,,AMZN,500,(215.45),,,,,,,,
2/21/25,,ASML,100,(706.60),,,,,,,,
2/21/25,,NEE,"1,000",71.24 ,,,,,,,,
2/21/25,,MVEALDNE,"12,058",(1.10),,,,,,,,
2/21/25,,MVEEOAN,"3,000",11.65 ,,,,,,,,
2/21/25,,ENI,"4,000",(13.98),,,,,,,,
2/24/25,,SAP,499,275.53 ,,,,,,,,
2/24/25,,MVESAP,499,275.65 ,,,,,,,,
2/24/25,,EOAN,"8,000",12.09 ,,,,,,,,
2/24/25,,ADEA,"2,990",16.67 ,,,,,,,,
2/24/25,,NEM,"2,000",(43.70),,,,,,,,
2/24/25,,TSLA,390,333.93 ,,,,,,,,
2/24/25,,AVGO,500,(207.77),,,,,,,,
2/25/25,,AVGO,240,(203.43),,,,,,,,
2/25/25,,MVEGLE,"5,000",38.69 ,,,,,,,,
2/25/25,,ASML,300,(690.90),,,,,,,,
2/25/25,,IAG,"30,000",302.60 ,,,,,,,,
2/25/25,,AMZN,800,(206.18),,,,,,,,
2/25/25,,MSFT,"2,000",(400.18),,,,,,,,
2/26/25,,AAPL,300,(240.34),,,,,,,,
2/26/25,,DDD,"15,000",(3.66),,,,,,,,
2/26/25,,HPE,"4,000",20.29 ,,,,,,,,
2/26/25,,RWE,"4,000",30.52 ,,,,,,,,
2/26/25,,MVEEOAN,"2,990",12.56 ,,,,,,,,
2/26/25,,ORA,"6,000",11.31 ,,,,,,,,
2/27/25,,JBEOAN,"5,000",12.49 ,,,,,,,,
2/27/25,,MVEORA,"6,000",11.42 ,,,,,,,,
2/27/25,,UN0,350,44.30 ,,,,,,,,
2/27/25,,IAG,"30,000",334.09 ,,,,,,,,
2/28/25,,ALDNE,"15,000",(1.20),,,,,,,,
2/28/25,,IAG,"10,000",351.43 ,,,,,,,,
2/28/25,,MVEALDNE,"20,000",(1.01),,,,,,,,
2/28/25,,SAFASML,150,(683.54),,,,,,,,
2/28/25,,CSCO,"1,000",64.33 ,,,,,,,,
3/3/25,,IAG,"20,000",344.03 ,,,,,,,,
3/3/25,,MSFT,200,(395.34),,,,,,,,
3/3/25,,NFLX,200,982.61 ,,,,,,,,
3/3/25,,POET,"7,000",(3.78),,,,,,,,
3/3/25,,MVEGLE,990,39.68 ,,,,,,,,
3/3/25,,ORA,"4,000",11.55 ,,,,,,,,
3/3/25,,NOTE,"20,000",(1.16),,,,,,,,
3/3/25,,TSM,200,(178.31),,,,,,,,
3/6/25,,AZN,800,(77.67),,,,,,,,
3/7/25,,HPE,"2,000",(15.76),,,,,,,,
3/10/25,,ASML,300,(632.80),,,,,,,,
3/10/25,,IAG,"20,000",(319.60),,,,,,,,
3/10/25,,MVEORA,"5,000",11.85 ,,,,,,,,
3/10/25,,VONN,"1,000",(61.50),,,,,,,,
3/10/25,,SAFAMZN,250,(193.49),,,,,,,,
3/14/25,,IAG,"20,000",287.70 ,,,,,,,,
3/14/25,,LUMN,"2,000",4.90 ,,,,,,,,
3/14/25,,NEE,"1,000",73.36 ,,,,,,,,
3/14/25,,UNIT,"18,000",(4.97),,,,,,,,
3/14/25,,NOTE,"15,000",(0.91),,,,,,,,
3/14/25,,TSM,450,(193.53),,,,,,,,
3/14/25,,GNRC,400,(130.04),,,,,,,,
3/14/25,,F,"10,000",9.68 ,,,,,,,,
3/17/25,,EOAN,"7,000",13.14 ,,,,,,,,
3/17/25,,SAFDDD,"25,000",(2.69),,,,,,,,
3/17/25,,OXY,"1,000",(47.24),,,,,,,,
3/18/25,,ALDNE,"15,000",-0.93,,,,,,,,
3/18/25,,DSY,"1,000",-38.78,,,,,,,,
3/19/25,,ASML,300,667.60 ,,,,,,,,
3/19/25,,VONN,"1,000",63.10 ,,,,,,,,
3/19/25,,IAG,"20,000",296.01 ,,,,,,,,
3/20/25,,SAP,"1,000",-250.8,,,,,,,,
3/20/25,,aet,"23,590",-40.4,,,,,,,,
3/21/25,,ORA,"2,000",11.85 ,,,,,,,,
3/21/25,,DSY,500,38.69 ,,,,,,,,
3/24/25,,AET,"19,410",-41.40427,,,,,,,,
3/24/25,,MVESAP,"1,000",-255.05,,,,,,,,
3/24/25,,SAP,"1,000",-255.19,,,,,,,,
3/25/25,,NEM,500,47.60 ,,,,,,,,
3/25/25,,HPE,500,16.55 ,,,,,,,,
3/26/25,,SAFASML,50,-661.5,,,,,,,,
3/27/25,,ASML,300,(647.30),,,,,,,,
3/28/25,,IAG,"20,000",-284.4779,,,,,,,,
3/28/25,,PAAS,"2,500",26.31,,,,,,,,
3/28/25,,LUV,"1,200",33.646525,,,,,,,,
3/28/25,,NOTE,"15,000",-0.89,,,,,,,,
3/28/25,,MSFT,150,-378.76,,,,,,,,
3/31/25,,EOAN,"7,000",13.94 ,,,,,,,,
3/31/25,,NOTE,"15,000",0.81 ,,,,,,,,
4/1/25,,AMZN,500,-192.82,,,,,,,,
4/1/25,,EOAN,"2,000",14.04,,,,,,,,
4/1/25,,IAG,"20,000",-267.01,,,,,,,,
4/1/25,,SHECY,"4,000",-14.1683,,,,,,,,
4/1/25,,ORA,"2,000",12.03,,,,,,,,
4/2/25,,DSY,"2,000",(35.44),,,,,,,,
4/2/25,,MVEORA,"5,000",12.01 ,,,,,,,,
4/8/25,,VONN,"6,000",-56.89,,,,,,,,
4/10/25,,VONN,"4,000",(55.70),,,,,,,,
4/12/25,,NOTE,"15,000",-0.73,,,,,,,,
4/15/25,,NOTE,"50,000",-0.6202,,,,,,,,
4/15/25,,TSM,"1,350",-157.45,,,,,,,,
4/23/25,,VONN,"4,000",58.63,,,,,,,,
4/23/25,,MVEGLE,"3,000",42.22,,,,,,,,
4/23/25,,MVEORA,"5,000",12.62,,,,,,,,
4/23/25,,JBEOAN,"5,000",14.97,,,,,,,,
4/24/25,,MVEENI,"8,000",-12.6593,,,,,,,,
4/24/25,,IAG,"20,000",261.5,,,,,,,,
4/21/25,,AMZN,200,-173.55,,,,,,,,
4/17/25,,AAPL,500,-197.42,,,,,,,,
4/2/25,,ASML,200,(603.80),,,,,,,,
5/2/25,,MVERWE,"3,000",-33.095,,,,,,,,
5/2/25,,NEM,"2,000",-51.829875,,,,,,,,
5/2/25,,CSCO,"1,990",-58.935,,,,,,,,
5/2/25,,SAFAAPL,500,-204.94932,,,,,,,,
4/17/25,,C,500,-62.75,,,,,,,,
4/17/25,,MSFT,150,-378.43,,,,,,,,
4/17/25,,TSM,"1,000",-152.32,,,,,,,,
4/17/25,,VONN,"4,000",-55.8,,,,,,,,
4/4/25,,MVEDSY,"2,000",-35.44,,,,,,,,
4/22/25,,MVEGLE,"5,000",-39.59,,,,,,,,
4/22/25,,MVEGLE,"5,000",-39.59,,,,,,,,
5/5/25,,MVEENI,"2,000",-12.59,,,,,,,,
5/5/25,,NFLX,200,1133.76,,,,,,,,
5/7/25,,SAFASML,66,606.66,,,,,,,,
5/8/25,,IAG,"20,000",2.85,,,,,,,,
5/8/25,,RWE,"1,250",32.66025,,,,,,,,
5/8/25,,SAP,500,265.65,,,,,,,,
5/8/25,,MVESAP,500,265.65,,,,,,,,
5/8/25,,MVEGLE,"1,000",45.76,,,,,,,,
5/8/25,,MVEORA,"3,000",12.665,,,,,,,,
5/8/25,,EOAN,"1,250",15.64,,,,,,,,
5/8/25,,VONN,"2,000",62.09,,,,,,,,
5/8/25,,JBEOAN,"2,000",15.9,,,,,,,,
5/8/25,,SAP,500,-262.9,,,,,,,,
5/8/25,,MVESAP,500,-262.88,,,,,,,,
5/9/25,,note,"11,855",-0.66,,,,,,,,
5/12/25,,NEM,"2,000",-50.63,,,,,,,,
5/12/25,,PAAS,"3,000",-22.96,,,,,,,,
5/12/25,,MVEGLE,"1,000",47.47,,,,,,,,
5/13/25,,eoan,"1,250",-14.7,,,,,,,,
5/13/25,,JBEOAN,"2,000",-14.73,,,,,,,,
5/13/25,,DDD,"20,000",-1.91,,,,,,,,
5/13/25,,SAFDDD,"21,000",-1.929,,,,,,,,
5/13/25,,NEM,"1,000",-49.98,,,,,,,,
5/15/25,,VONN,"2,000",63.3,,,,,,,,
5/15/25,,HPQ,"1,000",28.83,,,,,,,,
5/16/25,,ezj,"18,000",544.20 ,,,,,,,,
5/20//25,,aapl,"1,000",-206.73,,,,,,,,
5/20//25,,AMZN,"1,000",-204.0975,,,,,,,,
5/20//25,,IAG,"10,000",335.85,,,,,,,,
5/19/25,,WBA,"4,000",11.25 ,,,,,,,,
5/19/25,,NEE,"1,000",73.82 ,,,,,,,,
5/19/25,,RWE,"1,500",32.24 ,,,,,,,,
5/19/25,,SAP,500,263.88 ,,,,,,,,
5/19/25,,MVESAP,500,263.80 ,,,,,,,,
5/19/25,,C,400,76.11 ,,,,,,,,
5/19/25,,HPQ,"1,000",29.10 ,,,,,,,,
5/19/25,,CVS,750,62.74 ,,,,,,,,
5/19/25,,WBA,"4,000",11.25 ,,,,,,,,
5/19/25,,NEE,"1,000",73.82 ,,,,,,,,
5/19/25,,RWE,"1,500",32.24 ,,,,,,,,
5/19/25,,SAP,500,263.88 ,,,,,,,,
5/19/25,,MVESAP,500,263.80 ,,,,,,,,
5/19/25,,C,400,76.11 ,,,,,,,,
5/19/25,,HPQ,"1,000",29.10 ,,,,,,,,
5/19/25,,CVS,750,62.74 ,,,,,,,,
5/22/25,,MVEORA,"3,000",13.3,,,,,,,,
5/23/25,,JBEOAN,"3,000",15.55 ,,,,,,,,
5/23/25,,THC,650,160.91 ,,,,,,,,
5/23/25,,AVGO,200,229.82 ,,,,,,,,
5/23/25,,ENI,"10,000",(12.82),,,,,,,,
5/23/25,,RWE,"4,000",(32.12),,,,,,,,
5/23/25,,IAG,"10,000",(317.01),,,,,,,,
5/23/25,,NEE,"1,000",(66.36),,,,,,,,
5/23/25,,VTRS,"5,000",(8.23),,,,,,,,
5/23/25,,eoan,"3,000",15.74 ,,,,,,,,
5/27/25,,IAG,"40,000",333.9,,,,,,,,
5/29/25,,PAAS,"1,000",-24.42,,,,,,,,
5/29/25,,AVGO,250,241.729,,,,,,,,
5/29/25,,F,"10,000",10.18,,,,,,,,
5/30/25,,DSY,500,(32.95),,,,,,,,
5/30/25,,MVEDSY,"4,000",(32.95),,,,,,,,
5/30/25,,MVEENI,"8,000",(12.96),,,,,,,,
5/30/25,,MVEORA,"6,000",(13.19),,,,,,,,
5/30/25,,AAPL,"3,000",(201.75),,,,,,,,
5/30/25,,HPQ,"4,000",(24.95),,,,,,,,
5/30/25,,KR,"2,000",(68.40),,,,,,,,
5/30/25,,RIGL,"6,000",(19.39),,,,,,,,
6/3/25,,MVESAP,500,267.48,,,,,,,,
6/3/25,,MVERWE,"3,999",33.36,,,,,,,,
6/3/25,,RWE,"3,200",33.36,,,,,,,,
6/3/25,,VONN,"6,000",62.9,,,,,,,,
6/3/25,,NFLX,200,1222.17,,,,,,,,
6/3/25,,AVGO,200,-256.2,,,,,,,,
6/5/25,,SAP,500,273.15,,,,,,,,
6/11/25,,SAFAMZN,500,(213.25),,,,,,,,
6/11/25,,AMZN,500,(213.43),,,,,,,,
6/11/25,,SAFAAPL,290,###############################################################################################################################################################################################################################################################,,,,,,,,
45821,,AAPL,500,(196),,,,,,,,
6/13/25,,ADEA,"3,000",(13.04),,,,,,,,
6/17/25,,NFLX,200,1220.52 ,,,,,,,,
6/18/25,,DSY,500,(31.34),,,,,,,,
6/18/25,,IAG,"1,710",320.00 ,,,,,,,,
6/18/25,,AAPL,300,(196.66),,,,,,,,
6/18/25,,NOTE,"8,145",(0.54),,,,,,,,
6/18/25,,MVEDSY,500,(31.36),,,,,,,,
6/18/25,,MA,200,(546.81),,,,,,,,
6/19/25,,DSY,500,(30.95),,,,,,,,
6/18/25,,ADEA,"2,800",(13.02),,,,,,,,
6/20/25,,AET,"20,000",52.01 ,,,,,,,,
6/20/25,,DIS,400,117.40 ,,,,,,,,
6/20/25,,AZN,"4,000",(69.84),,,,,,,,
6/20/25,,KR,"1,000",71.82 ,,,,,,,,
6/23/25,,SAP,"1,000",(250.75),,,,,,,,
6/23/25,,SAP,"1,000",(249.75),,,,,,,,
6/24/25,,AAPL,300,(200.70),,,,,,,,
6/24/25,,AMZN,500,(212.98),,,,,,,,
6/25/25,,ASML,200,(695.50),,,,,,,,
6/25/25,,SAFDIS,800,119.32 ,,,,,,,,
6/25/25,,F,"5,000",10.50 ,,,,,,,,
6/25/25,,THC,350,169.12 ,,,,,,,,
6/25/25,,SHECY,"3,000",(15.45),,,,,,,,
6/25/25,,POET,"2,500",(5.12),,,,,,,,
6/25/25,,RIGL,"2,000",(18.65),,,,,,,,
6/25/25,,NEM,"1,000",58.13 ,,,,,,,,
6/25/25,,MSFT,150,491.48 ,,,,,,,,
6/25/25,,DIS,800,119.38 ,,,,,,,,
6/25/25,,CSCO,"1,000",68.32 ,,,,,,,,
6/25/25,,C,500,82.67 ,,,,,,,,
6/25/25,,IAG,"20,000",331.30 ,,,,,,,,
6/26/25,,MVEDSY,"1,500",(30.22),,,,,,,,
6/26/25,,MSFT,150,496.30 ,,,,,,,,
6/26/25,,BLNK,"40,000",(1.01),,,,,,,,
6/26/25,,NEM,"1,000",59.16 ,,,,,,,,
6/26/25,,TSM,500,224.42 ,,,,,,,,
6/27/25,,PAAS,"1,000",(27.53),,,,,,,,
6/30/25,,HPE,"2,000",20.52 ,,,,,,,,
7/3/25,,IAG,"8,290",3.46 ,,,,,,,,
7/4/25,,IAG,"20,000",345.80 ,,,,,,,,
7/7/25,,SAFDIS,330,122.97 ,,,,,,,,
7/10/25,,EZJ,"10,000",(524.20),,,,,,,,
7/10/25,,IAG,"20,000",369.20 ,,,,,,,,
7/15/25,,JBEOAN,"5,000",16.07 ,,,,,,,,
7/15/25,,NEM,"1,000",(55.97),,,,,,,,
7/16/25,,IAG,250,386.01 ,,,,,,,,
7/17/25,,ADEA,190,(14.25),,,,,,,,
7/17/25,,POET,"2,500",6.50 ,,,,,,,,
7/17/25,,EOAN,"5,000",15.95 ,,,,,,,,
7/17/25,,IAG,"9,750",383.01 ,,,,,,,,
7/17/25,,SAP,500,265.05 ,,,,,,,,
7/17/25,,TSM,500,247.65 ,,,,,,,,
7/17/25,,MVEUN0,9,(37.90),,,,,,,,
7/17/25,,MVESAP,200,(259.60),,,,,,,,
7/18/25,,ASML,100,(632.95),,,,,,,,
7/18/25,,ASML,200,(645.50),,,,,,,,
7/18/25,,MVEUN0,39,(37.43),,,,,,,,
7/18/25,,UN0,350,(37.24),,,,,,,,
7/18/25,,NFLX,400,(1208.99),,,,,,,,
7/18/25,,TSM,500,(241.39),,,,,,,,
7/21/25,,DXC,"4,000",(14.48),,,,,,,,
7/21/25,,DVA,990,(140.09),,,,,,,,
7/22/25,,ASML,300,(602.55),,,,,,,,
7/23/25,,MVESAP,200,(250.90),,,,,,,,
7/23/25,,SAP,500,(250.85),,,,,,,,
7/23/25,,NEE,"3,000",(72.56),,,,,,,,
7/24/25,,VONN,"6,000",(61.05),,,,,,,,
7/24/25,,MVEENI,"8,000",14.44,,,,,,,,
7/24/25,,MVEALDNE,"20,000",0.9582865,,,,,,,,
7/25/25,,NEM,800,65.25 ,,,,,,,,
7/25/25,,AZN,"2,000",72.54 ,,,,,,,,
7/25/25,,THC,"1,000",(152.18),,,,,,,,
7/25/25,,GNRC,400,165.75 ,,,,,,,,
7/28/25,,RIG,"25,000",-3.04,,,,,,,,
7/30/25,,ENI,"4,000",14.82 ,,,,,,,,
7/30/25,,VONN,"6,000",(59.50),,,,,,,,
7/30/25,,EZJ,"20,000",(486.00),,,,,,,,
8/1/25,,AMZN,"2,000",(215.02),,,,,,,,
8/1/25,,TSM,"1,000",(235.25),,,,,,,,
8/5/25,,ASML,500,(599.30),,,,,,,,
8/5/25,,VONN,"2,000",(59.10),,,,,,,,
8/8/25,,EOAN,"5,000",16.51 ,,,,,,,,
8/11/25,,RIGL,"2,000",31.70 ,,,,,,,,
8/12/25,,SAP,499,(232.45),,,,,,,,
8/13/25,,NOTE,"70,000",(0.55),,,,,,,,
8/13/25,,RIGL,"2,000",37.12 ,,,,,,,,
8/14/25,,DSY,"2,000",(26.64),,,,,,,,
8/15/25,,MVEGLE,"1,990",(59.09),,,,,,,,
8/15/25,,MVEORA,"3,000",(14.35),,,,,,,,
8/19/25,,HPQ,"4,000",27.08 ,,,,,,,,
8/19/25,,PAAS,"3,000",30.68 ,,,,,,,,
8/19/25,,AZN,"2,000",79.51 ,,,,,,,,
8/19/25,,ASML,500,636.70 ,,,,,,,,
8/22/25,,ASML,500,646.20 ,,,,,,,,
8/22/25,,NEM,"2,000",70.12,,,,,,,,
8/22/25,,PAAS,"1,000",32.03,,,,,,,,
8/22/25,,NEE,"3,000",76.21,,,,,,,,
8/22/25,,RIGL,"2,000",42.05,,,,,,,,
8/25/25,,RIGL,"1,000",41.42 ,,,,,,,,
8/25/25,,NEE,"1,000",75.42 ,,,,,,,,
8/25/25,,HPE,"2,000",22.45 ,,,,,,,,
8/25/25,,VTRS,"5,000",10.58 ,,,,,,,,
8/27/25,,NOTE,"30,000",(0.45),,,,,,,,
8/27/25,,GNRC,600,189.91 ,,,,,,,,
8/27/25,,ENI,"2,000",15.21 ,,,,,,,,
8/28/25,,HPE,"1,500",23.24 ,,,,,,,,
8/25/25,,RIGL,"1,000",41.42 ,,,,,,,,
8/25/25,,NEE,"1,000",75.42 ,,,,,,,,
8/25/25,,VTRS,"5,000",10.58 ,,,,,,,,
8/27/25,,NOTE,"30,000",(0.45),,,,,,,,
8/27/25,,GNRC,600,189.91 ,,,,,,,,
8/27/25,,ENI,"2,000",15.21 ,,,,,,,,
8/28/25,,HPE,"1,500",23.24 ,,,,,,,,
8/29/25,,KR,660,(67.18),,,,,,,,
8/29/25,,RIGL,"1,000",38.72 ,,,,,,,,
9/2/25,,JBEOAN,"5,000",(14.82),,,,,,,,
9/2/25,,EZJ,"10,000",(480.90),,,,,,,,
9/2/25,,EOAN,"5,000",(14.78),,,,,,,,
9/2/25,,ASML,500,(622.20),,,,,,,,
9/4/25,,VONN,"1,010",61.80 ,,,,,,,,
9/5/25,,SAFASML,54,660.20 ,,,,,,,,
9/8/25,,ASML,200,667.20 ,,,,,,,,
9/9/25,,THC,250,194.28 ,,,,,,,,
9/10/25,,F,2000,11.41 ,,,,,,,,
9/10/25,,C,95,97.38 ,,,,,,,,
9/10/25,,NEE,4000,(71.00),,,,,,,,
9/10/25,,DIS,800,(115.90),,,,,,,,
9/11/25,,AAPL,300,230.35 ,,,,,,,,
9/11/25,,SAFAAPL,300,230.21 ,,,,,,,,
9/12/25,,EOAN,3750,15.53 ,,,,,,,,
9/12/25,,NEM,2000,79.26 ,,,,,,,,
9/15/25,,JBEOAN,"5,000",15.63 ,,,,,,,,
9/15/25,,EOAN,"2,500",15.80 ,,,,,,,,
9/15/25,,ASML,300,728.40 ,,,,,,,,
9/15/25,,GNRC,600,(186.39),,,,,,,,
9/16/25,,HPE,2000,24.46 ,,,,,,,,
9/16/25,,LUMN,1000,5.56 ,,,,,,,,
9/16/25,,PAAS,1000,36.29 ,,,,,,,,
9/17/25,,VONN,"1,000",(60.10),,,,,,,,
9/18/25,,ASML,100,772.40 ,,,,,,,,
9/18/25,,TSM,1000,268.59 ,,,,,,,,
9/19/25,,ENI,"9,990",(14.92),,,,,,,,
9/19/25,,ENI,"10,010",(14.87),,,,,,,,
9/19/25,,EZJ,"20,000",(451.01),,,,,,,,
9/19/25,,MVEORA,"1,200",13.75 ,,,,,,,,
9/19/25,,ASML,100,790.33 ,,,,,,,,
9/19/25,,XYZ,600,(76.94),,,,,,,,
9/19/25,,MA,100,592.68 ,,,,,,,,
9/19/25,,AAPL,300,245.49 ,,,,,,,,
9/19/25,,SAP,"1,000",(227.55),,,,,,,,
9/22/25,,ASML,100,814.20 ,,,,,,,,
9/22/25,,ADEA,1000,16.86 ,,,,,,,,
9/22/25,,RIG,13000,(3.38),,,,,,,,
9/23/25,,ASML,100,821.40 ,,,,,,,,
9/23/25,,NEM,200,85.32 ,,,,,,,,
9/23/25,,GNRC,200,(166.70),,,,,,,,
9/23/25,,NEE,"1,000",72.32 ,,,,,,,,
9/24/25,,ASML,200,824.25,,,,,,,,
9/24/25,,PROF,4000,(5.19),,,,,,,,
9/24/25,,MA,100,-565.89,,,,,,,,
9/25/25,,ASML,200,(804.90),,,,,,,,
9/25/25,,VONN,"2,000",(59.20),,,,,,,,
9/25/25,,JBEOAN,"12,000",15.96 ,,,,,,,,
9/25/25,,CVS,249,74.69 ,,,,,,,,
9/25/25,,BLNK,"28,000",1.52 ,,,,,,,,
9/25/25,,NEE,"1,000",74.72 ,,,,,,,,
9/25/25,,VTRS,"5,000",(9.46),,,,,,,,
9/26/25,,CSCO," 1,000 ",(67.20),,,,,,,,
9/26/25,,XOM, 300 ,(117.49),,,,,,,,
9/26/25,,MSFT, 200 ,511.50 ,,,,,,,,
9/26/25,,NEE," 1,000 ",76.712,,,,,,,,
9/26/25,,RIGL," 2,000 ",-28.545245,,,,,,,,
9/29/25,,JBASML,300,828.20 ,,,,,,,,
9/29/25,,AMZN,200,221.52 ,,,,,,,,
9/29/25,,MSFT,200,515.25 ,,,,,,,,
9/29/25,,PAAS,500,39.30 ,,,,,,,,
10/1/25,,HPE,800,24.82,,,,,,,,
10/2/25,,ASML,200,880.60 ,,,,,,,,
10/2/25,,SAP,500,(232.35),,,,,,,,
10/3/25,,VONN,1000,60.2,,,,,,,,
10/3/25,,IAG,10000,384.6,,,,,,,,
10/6/25,,EOAN,"3,200",16.12 ,,,,,,,,
10/6/25,,MVEENI,"4,000",15.12 ,,,,,,,,
10/6/25,,ASML,100,901.20 ,,,,,,,,
10/6/25,,JBEOAN,"3,000",16.12 ,,,,,,,,
10/6/25,,NEE,500,81.84 ,,,,,,,,
10/6/25,,ddd,"5,000",3.08 ,,,,,,,,
10/6/25,,safdis,530,(112.98),,,,,,,,
10/6/25,,nflx,200,"(1,161.69)",,,,,,,,
10/6/25,,safddd,"11,000",3.16 ,,,,,,,,
10/7/25,,POET,2500,7.4,,,,,,,,
10/7/25,,SAFAAPL,150,260,,,,,,,,
10/7/25,,MSFT,150,523.92,,,,,,,,
10/7/25,,THC,1000,204.54,,,,,,,,
10/7/25,,DDD,10000,3.15,,,,,,,,
10/8/25,,IAG,"10,000",397.01 ,,,,,,,,
10/8/25,,MVEGLE,"2,000",(54.13),,,,,,,,
10/8/25,,DSY,"2,000",29.14 ,,,,,,,,
10/8/25,,THC,300,(201.24),,,,,,,,
10/8/25,,HPE,"1,200",26.07 ,,,,,,,,
10/8/25,,POET,2500,9,,,,,,,,
10/9/25,,MVEGLE,2000,(54.68),,,,,,,,
10/9/25,,VONN,1000,61.80 ,,,,,,,,
10/9/25,,IAG,10000,414.70 ,,,,,,,,
10/9/25,,AVGO,160,346.09 ,,,,,,,,
10/9/25,,AET,20000,(46.00),,,,,,,,
10/9/25,,AZN,500,86.22,,,,,,,,
10/9/25,,AAPL,200,253.62,,,,,,,,
10/9/25,,NFLX,100,"1,235.33 ",,,,,,,,
10/9/25,,LUMN,990,6.80 ,,,,,,,,
10/9/25,,DVA,400,(127.09),,,,,,,,
10/9/25,,XPER,5000,(6.66),,,,,,,,
10/10/25,,SAP,200,237.80 ,,,,,,,,
10/10/25,,AET,10000,(45.80),,,,,,,,
10/11/25,,AET,10000,(45.60),,,,,,,,
10/10/25,,HPQ,4000,(25.74),,,,,,,,
10/10/25,,AVGO,210,(331.63),,,,,,,,
10/10/25,,BLDP,6000,3.35 ,,,,,,,,
10/10/25,,ASML,200,(813.90),,,,,,,,
10/13/25,,AAPL,200,(248.52),,,,,,,,
10/13/25,,MSFT,150,(513.83),,,,,,,,
10/13/25,,HPE,1200,(24.92),,,,,,,,
10/14/25,,NEE,300,84.71 ,,,,,,,,
10/14/25,,TSLA,9,427.54 ,,,,,,,,
10/15/25,,HPQ,1000,28.94,,,,,,,,
10/15/25,,PROF,2000,5.61,,,,,,,,
10/15/25,,CSCO,1000,69.34,,,,,,,,
10/15/25,,SHECY,149,16.54,,,,,,,,
10/15/25,,GNRC,200,192.01,,,,,,,,
10/16/25,,ASML,100,893.20 ,,,,,,,,
10/16/25,,VONN,1000,(59.80),,,,,,,,
10/16/25,,HPQ,1000,(27.53),,,,,,,,
10/16/25,,NFLX,100,"(1,179.66)",,,,,,,,
10/16/25,,BLNK,12000,1.91 ,,,,,,,,
10/16/25,,VTRS,5000,10.07 ,,,,,,,,
10/17/25,,VONN,1000,(58.89),,,,,,,,
10/17/25,,MVEGLE,1000,(54.02),,,,,,,,
10/17/25,,ASML,100,862.60 ,,,,,,,,
10/17/25,,TSM,500,296.40 ,,,,,,,,
10/20/25,,NFLX,100,"1,233.56 ",,,,,,,,
10/20/25,,F,3000,12.02 ,,,,,,,,
10/20/25,,HPE,1800,(22.63),,,,,,,,
10/20/25,,KR,1340,(68.98),,,,,,,,
10/20/25,,NEM,1000,94.22 ,,,,,,,,
10/21/25,,AAPL,500,263.58 ,,,,,,,,
10/21/25,,SAFAMZN,500,221.65 ,,,,,,,,
10/21/25,,NEM,2000,(86.41),,,,,,,,
10/21/25,,PAAS,1500,(35.72),,,,,,,,
10/21/25,,RIGL,2000,29.92 ,,,,,,,,
10/22/25,,GNRC,300,(183.16),,,,,,,,
10/22/25,,IAG,10000,402.80 ,,,,,,,,
10/22/25,,EZJ,10000,495.60 ,,,,,,,,
10/22/25,,NFLX,1300,"(1,117.45)",,,,,,,,
10/22/25,,TSM,800,(286.40),,,,,,,,
10/23/25,,IAG,10000,405.01 ,,,,,,,,
10/23/25,,NFLX,500,"(1,103.56)",,,,,,,,
10/24/25,,ASML,100,894.75 ,,,,,,,,
10/24/25,,IAG,20000,406.20 ,,,,,,,,
10/24/25,,KR,1000,(67.00),,,,,,,,
10/24/25,,NEM,2000,(83.50),,,,,,,,
10/24/25,,NFLX,500,"(1,096.88)",,,,,,,,
10/27/25,,IAG,10000,410.07,,,,,,,,
10/27/25,,ASML,100,910.25,,,,,,,,
10/27/25,,VONN,21,61.20 ,,,,,,,,
10/28/25,,HPE,1800,24.12 ,,,,,,,,
10/28/25,,NEM,1000,(79.60),,,,,,,,
10/29/25,,VLVLY,1500,(28.00),,,,,,,,
10/29/25,,SHECY,2632,(15.20),,,,,,,,
10/29/25,,IAG,5000,410.55 ,,,,,,,,
10/30/25,,NEM,1000,(80.88),,,,,,,,
10/31/25,,NEM,1000,(79.88),,,,,,,,
10/31/25,,VONN,979,61.20 ,,,,,,,,
10/31/25,,IAG,10000,421.01 ,,,,,,,,
11/3/25,,IAG,25000,427.20 ,,,,,,,,
11/3/25,,NEE,399,81.87 ,,,,,,,,
11/4/25,,DVA,1600,(118.68),,,,,,,,
11/4/25,,KR,2000,(63.69),,,,,,,,
11/4/25,,NEM,2000,(78.88),,,,,,,,
11/4/25,,ENI,5000,15.86 ,,,,,,,,
11/4/25,,AAPL,500,270.04 ,,,,,,,,
11/4/25,,RIGL,1000,(28.33),,,,,,,,
11/4/25,,C,100,(100.93),,,,,,,,
11/5/25,,VONN,1000,(59.20),,,,,,,,
11/5/25,,IAG,20000,425.10 ,,,,,,,,
11/5/25,,EOAN,14450,(16.04),,,,,,,,
11/5/25,,RIGL,2000,37.21 ,,,,,,,,
11/5/25,,NEM,2000,81.47 ,,,,,,,,
11/6/25,,TSM,300,288.85 ,,,,,,,,
11/6/25,,VONN,2000,(58.80),,,,,,,,
11/7/25,,VONN,2000,(58.45),,,,,,,,
11/7/25,,IAG,20000,380.01 ,,,,,,,,
11/7/25,,RIG,5000,3.96 ,,,,,,,,
11/7/25,,DVA,1600,123.44 ,,,,,,,,
11/7/25,,KR,1000,64.90 ,,,,,,,,
11/10/25,,DVA,1600,(120.14),,,,,,,,
11/11/25,,NOTE,3333,(2.76),,,,,,,,
11/12/25,,ASML,100,886.7,,,,,,,,
11/12/25,,DVA,1600,124.33,,,,,,,,
11/12/25,,PAAS,2000,38.853,,,,,,,,
11/12/25,,POET,2500,-4.9789,,,,,,,,
11/12/25,,VONN,800,60.4,,,,,,,,
11/13/25,,IAG,10000,399.20 ,,,,,,,,
11/13/25,,JBEOAN,3000,(15.15),,,,,,,,
11/14/25,,ASML,100,-886.7,,,,,,,,
11/17/25,2,AVGO,200,342.32,,,,,,,,
11/20/25,2,NFLX,200,(105.73),,,,,,,,
11/21/25,2,IAG,10000,-375.2,,,,,,,,
11/21/25,2,RIGL,499,46.8,,,,,,,,
11/24/25,1,ENI,2000,15.80 ,,,,,,,,
11/24/25,2,NFLX,1800,-104.38,,,,,,,,
gg,ggg,ggg,66.5,55.66666,,,,,,,,
